Year	Population	Pollution Ratio	Capital Investment	Quality of Life	Natural Resources
0.2	1.650 B	0.0556	400.000 M	0.6116	900.000 B
0.4	1.648 B	0.0615	403.781 M	0.6161	899.908 B
0.6	1.647 B	0.0661	407.578 M	0.6198	899.815 B
0.8	1.645 B	0.0698	411.392 M	0.6242	899.721 B
1.0	1.644 B	0.0727	415.223 M	0.6287	899.626 B
1.2	1.643 B	0.0750	419.071 M	0.6331	899.530 B
1.4	1.641 B	0.0765	422.895 M	0.6340	899.435 B
1.6	1.640 B	0.0779	426.736 M	0.6384	899.339 B
1.8	1.639 B	0.0793	430.595 M	0.6428	899.241 B
2.0	1.638 B	0.0804	434.471 M	0.6472	899.143 B
2.2	1.637 B	0.0815	438.366 M	0.6515	899.045 B
2.4	1.637 B	0.0825	442.278 M	0.6558	898.945 B
2.6	1.636 B	0.0834	446.209 M	0.6601	898.844 B
2.8	1.636 B	0.0842	450.159 M	0.6644	898.743 B
3.0	1.635 B	0.0850	454.127 M	0.6686	898.641 B
3.2	1.635 B	0.0858	458.114 M	0.6728	898.537 B
3.4	1.635 B	0.0866	462.121 M	0.6770	898.433 B
3.6	1.634 B	0.0873	466.146 M	0.6812	898.328 B
3.8	1.634 B	0.0880	470.192 M	0.6853	898.223 B
4.0	1.634 B	0.0887	474.257 M	0.6894	898.116 B
4.2	1.635 B	0.0895	478.342 M	0.6935	898.008 B
4.4	1.635 B	0.0902	482.448 M	0.6975	897.900 B
4.6	1.635 B	0.0909	486.574 M	0.7016	897.790 B
4.8	1.636 B	0.0916	490.720 M	0.7056	897.680 B
5.0	1.636 B	0.0923	494.887 M	0.7095	897.569 B
5.2	1.637 B	0.0930	499.076 M	0.7135	897.457 B
5.4	1.637 B	0.0937	503.285 M	0.7174	897.343 B
5.6	1.638 B	0.0944	507.516 M	0.7212	897.229 B
5.8	1.639 B	0.0951	511.769 M	0.7251	897.115 B
6.0	1.640 B	0.0958	516.043 M	0.7289	896.999 B
6.2	1.641 B	0.0965	520.340 M	0.7327	896.882 B
6.4	1.642 B	0.0973	524.658 M	0.7364	896.764 B
6.6	1.643 B	0.0980	529.000 M	0.7401	896.645 B
6.8	1.644 B	0.0987	533.363 M	0.7438	896.526 B
7.0	1.645 B	0.0995	537.750 M	0.7474	896.405 B
7.2	1.647 B	0.1002	542.160 M	0.7511	896.283 B
7.4	1.648 B	0.1009	546.593 M	0.7546	896.161 B
7.6	1.650 B	0.1017	551.049 M	0.7582	896.037 B
7.8	1.651 B	0.1025	555.529 M	0.7617	895.912 B
8.0	1.653 B	0.1032	560.033 M	0.7652	895.787 B
8.2	1.655 B	0.1040	564.561 M	0.7686	895.660 B
8.4	1.656 B	0.1047	569.113 M	0.7721	895.533 B
8.6	1.658 B	0.1055	573.689 M	0.7754	895.404 B
8.8	1.660 B	0.1063	578.291 M	0.7788	895.274 B
9.0	1.662 B	0.1071	582.917 M	0.7821	895.144 B
9.2	1.664 B	0.1079	587.568 M	0.7854	895.012 B
9.4	1.666 B	0.1087	592.244 M	0.7886	894.879 B
9.6	1.668 B	0.1095	596.946 M	0.7918	894.746 B
9.8	1.671 B	0.1103	601.673 M	0.7950	894.611 B
10.0	1.673 B	0.1111	606.426 M	0.7981	894.475 B
10.2	1.675 B	0.1119	611.205 M	0.8012	894.338 B
10.4	1.678 B	0.1127	616.011 M	0.8043	894.200 B
10.6	1.680 B	0.1135	620.843 M	0.8073	894.061 B
10.8	1.683 B	0.1144	625.701 M	0.8103	893.921 B
11.0	1.686 B	0.1152	630.586 M	0.8132	893.780 B
11.2	1.688 B	0.1161	635.498 M	0.8162	893.638 B
11.4	1.691 B	0.1169	640.438 M	0.8190	893.494 B
11.6	1.694 B	0.1178	645.405 M	0.8219	893.350 B
11.8	1.697 B	0.1186	650.399 M	0.8247	893.204 B
12.0	1.700 B	0.1195	655.421 M	0.8275	893.058 B
12.2	1.703 B	0.1204	660.471 M	0.8302	892.910 B
12.4	1.706 B	0.1212	665.550 M	0.8329	892.761 B
12.6	1.709 B	0.1221	670.656 M	0.8356	892.611 B
12.8	1.712 B	0.1230	675.791 M	0.8382	892.460 B
13.0	1.715 B	0.1239	680.955 M	0.8408	892.308 B
13.2	1.719 B	0.1248	686.148 M	0.8433	892.154 B
13.4	1.722 B	0.1257	691.370 M	0.8458	892.000 B
13.6	1.725 B	0.1266	696.621 M	0.8483	891.844 B
13.8	1.729 B	0.1275	701.902 M	0.8507	891.687 B
14.0	1.732 B	0.1284	707.212 M	0.8531	891.529 B
14.2	1.736 B	0.1294	712.552 M	0.8555	891.369 B
14.4	1.739 B	0.1303	717.922 M	0.8578	891.209 B
14.6	1.743 B	0.1313	723.323 M	0.8601	891.047 B
14.8	1.747 B	0.1322	728.753 M	0.8624	890.885 B
15.0	1.751 B	0.1332	734.214 M	0.8646	890.721 B
15.2	1.754 B	0.1341	739.706 M	0.8668	890.555 B
15.4	1.758 B	0.1351	745.229 M	0.8689	890.389 B
15.6	1.762 B	0.1360	750.783 M	0.8710	890.221 B
15.8	1.766 B	0.1370	756.368 M	0.8731	890.052 B
16.0	1.770 B	0.1380	761.985 M	0.8751	889.882 B
16.2	1.774 B	0.1390	767.633 M	0.8771	889.711 B
16.4	1.778 B	0.1400	773.314 M	0.8790	889.538 B
16.6	1.783 B	0.1410	779.026 M	0.8809	889.364 B
16.8	1.787 B	0.1420	784.770 M	0.8828	889.189 B
17.0	1.791 B	0.1430	790.547 M	0.8850	889.013 B
17.2	1.795 B	0.1440	796.356 M	0.8874	888.835 B
17.4	1.800 B	0.1451	802.197 M	0.8898	888.656 B
17.6	1.804 B	0.1461	808.072 M	0.8922	888.476 B
17.8	1.809 B	0.1472	813.980 M	0.8946	888.294 B
18.0	1.813 B	0.1482	819.921 M	0.8970	888.111 B
18.2	1.818 B	0.1493	825.895 M	0.8993	887.927 B
18.4	1.822 B	0.1503	831.903 M	0.9017	887.742 B
18.6	1.827 B	0.1514	837.944 M	0.9040	887.555 B
18.8	1.831 B	0.1525	844.019 M	0.9063	887.367 B
19.0	1.836 B	0.1536	850.128 M	0.9085	887.177 B
19.2	1.841 B	0.1546	856.271 M	0.9108	886.987 B
19.4	1.845 B	0.1557	862.448 M	0.9131	886.795 B
19.6	1.850 B	0.1568	868.660 M	0.9153	886.601 B
19.8	1.855 B	0.1580	874.906 M	0.9175	886.406 B
20.0	1.860 B	0.1591	881.188 M	0.9197	886.210 B
20.2	1.864 B	0.1602	887.504 M	0.9219	886.013 B
20.4	1.869 B	0.1613	893.855 M	0.9240	885.814 B
20.6	1.874 B	0.1625	900.241 M	0.9262	885.613 B
20.8	1.879 B	0.1636	906.663 M	0.9283	885.412 B
21.0	1.884 B	0.1648	913.120 M	0.9304	885.209 B
21.2	1.889 B	0.1659	919.613 M	0.9325	885.004 B
21.4	1.894 B	0.1671	926.142 M	0.9346	884.798 B
21.6	1.899 B	0.1683	932.707 M	0.9367	884.591 B
21.8	1.904 B	0.1694	939.308 M	0.9387	884.382 B
22.0	1.909 B	0.1706	945.945 M	0.9407	884.172 B
22.2	1.914 B	0.1718	952.619 M	0.9427	883.960 B
22.4	1.920 B	0.1730	959.330 M	0.9447	883.747 B
22.6	1.925 B	0.1742	966.077 M	0.9467	883.533 B
22.8	1.930 B	0.1755	972.862 M	0.9487	883.317 B
23.0	1.935 B	0.1767	979.683 M	0.9506	883.099 B
23.2	1.941 B	0.1779	986.542 M	0.9525	882.881 B
23.4	1.946 B	0.1792	993.438 M	0.9544	882.660 B
23.6	1.951 B	0.1804	1.000 B	0.9563	882.438 B
23.8	1.957 B	0.1817	1.007 B	0.9582	882.215 B
24.0	1.962 B	0.1829	1.014 B	0.9601	881.990 B
24.2	1.968 B	0.1842	1.021 B	0.9619	881.764 B
24.4	1.973 B	0.1855	1.028 B	0.9637	881.536 B
24.6	1.978 B	0.1868	1.036 B	0.9655	881.306 B
24.8	1.984 B	0.1881	1.043 B	0.9673	881.075 B
25.0	1.990 B	0.1894	1.050 B	0.9691	880.843 B
25.2	1.995 B	0.1907	1.057 B	0.9708	880.609 B
25.4	2.001 B	0.1920	1.064 B	0.9726	880.373 B
25.6	2.006 B	0.1934	1.072 B	0.9743	880.136 B
25.8	2.012 B	0.1947	1.079 B	0.9760	879.898 B
26.0	2.018 B	0.1960	1.087 B	0.9777	879.657 B
26.2	2.023 B	0.1974	1.094 B	0.9793	879.415 B
26.4	2.029 B	0.1987	1.101 B	0.9810	879.172 B
26.6	2.035 B	0.2001	1.109 B	0.9826	878.927 B
26.8	2.041 B	0.2015	1.117 B	0.9842	878.680 B
27.0	2.047 B	0.2029	1.124 B	0.9858	878.432 B
27.2	2.052 B	0.2043	1.132 B	0.9874	878.182 B
27.4	2.058 B	0.2057	1.139 B	0.9889	877.931 B
27.6	2.064 B	0.2071	1.147 B	0.9905	877.678 B
27.8	2.070 B	0.2085	1.155 B	0.9920	877.423 B
28.0	2.076 B	0.2099	1.163 B	0.9935	877.167 B
28.2	2.082 B	0.2114	1.171 B	0.9950	876.909 B
28.4	2.088 B	0.2128	1.178 B	0.9965	876.649 B
28.6	2.094 B	0.2143	1.186 B	0.9979	876.388 B
28.8	2.100 B	0.2158	1.194 B	0.9994	876.125 B
29.0	2.106 B	0.2172	1.202 B	1.0008	875.860 B
29.2	2.112 B	0.2187	1.210 B	1.0022	875.594 B
29.4	2.119 B	0.2202	1.218 B	1.0036	875.326 B
29.6	2.125 B	0.2217	1.227 B	1.0050	875.056 B
29.8	2.131 B	0.2232	1.235 B	1.0063	874.784 B
30.0	2.137 B	0.2247	1.243 B	1.0076	874.511 B
30.2	2.143 B	0.2263	1.251 B	1.0090	874.236 B
30.4	2.150 B	0.2278	1.260 B	1.0103	873.960 B
30.6	2.156 B	0.2293	1.268 B	1.0115	873.681 B
30.8	2.162 B	0.2309	1.276 B	1.0128	873.401 B
31.0	2.169 B	0.2325	1.285 B	1.0141	873.119 B
31.2	2.175 B	0.2340	1.293 B	1.0153	872.836 B
31.4	2.181 B	0.2356	1.302 B	1.0165	872.550 B
31.6	2.188 B	0.2372	1.310 B	1.0177	872.263 B
31.8	2.194 B	0.2388	1.319 B	1.0189	871.974 B
32.0	2.201 B	0.2404	1.328 B	1.0200	871.684 B
32.2	2.207 B	0.2421	1.336 B	1.0212	871.391 B
32.4	2.214 B	0.2437	1.345 B	1.0223	871.097 B
32.6	2.220 B	0.2453	1.354 B	1.0234	870.801 B
32.8	2.227 B	0.2470	1.363 B	1.0245	870.503 B
33.0	2.233 B	0.2486	1.371 B	1.0255	870.203 B
33.2	2.240 B	0.2503	1.380 B	1.0266	869.901 B
33.4	2.246 B	0.2520	1.389 B	1.0276	869.598 B
33.6	2.253 B	0.2537	1.398 B	1.0287	869.293 B
33.8	2.260 B	0.2554	1.407 B	1.0297	868.986 B
34.0	2.266 B	0.2571	1.416 B	1.0306	868.677 B
34.2	2.273 B	0.2588	1.426 B	1.0316	868.366 B
34.4	2.280 B	0.2605	1.435 B	1.0326	868.053 B
34.6	2.287 B	0.2623	1.444 B	1.0335	867.739 B
34.8	2.293 B	0.2640	1.453 B	1.0344	867.422 B
35.0	2.300 B	0.2658	1.462 B	1.0353	867.104 B
35.2	2.307 B	0.2676	1.472 B	1.0362	866.784 B
35.4	2.314 B	0.2694	1.481 B	1.0370	866.462 B
35.6	2.321 B	0.2711	1.491 B	1.0379	866.138 B
35.8	2.328 B	0.2730	1.500 B	1.0387	865.812 B
36.0	2.335 B	0.2748	1.510 B	1.0395	865.484 B
36.2	2.341 B	0.2766	1.519 B	1.0403	865.154 B
36.4	2.348 B	0.2784	1.529 B	1.0411	864.822 B
36.6	2.355 B	0.2803	1.539 B	1.0419	864.489 B
36.8	2.362 B	0.2821	1.548 B	1.0426	864.153 B
37.0	2.369 B	0.2840	1.558 B	1.0433	863.815 B
37.2	2.376 B	0.2859	1.568 B	1.0440	863.476 B
37.4	2.383 B	0.2878	1.578 B	1.0447	863.134 B
37.6	2.390 B	0.2897	1.588 B	1.0454	862.791 B
37.8	2.398 B	0.2916	1.598 B	1.0460	862.445 B
38.0	2.405 B	0.2935	1.608 B	1.0467	862.098 B
38.2	2.412 B	0.2954	1.618 B	1.0473	861.748 B
38.4	2.419 B	0.2974	1.628 B	1.0479	861.397 B
38.6	2.426 B	0.2993	1.638 B	1.0485	861.043 B
38.8	2.433 B	0.3013	1.648 B	1.0491	860.687 B
39.0	2.441 B	0.3033	1.658 B	1.0496	860.330 B
39.2	2.448 B	0.3053	1.669 B	1.0501	859.970 B
39.4	2.455 B	0.3073	1.679 B	1.0507	859.609 B
39.6	2.462 B	0.3093	1.689 B	1.0512	859.245 B
39.8	2.470 B	0.3113	1.700 B	1.0517	858.879 B
40.0	2.477 B	0.3133	1.710 B	1.0521	858.511 B
40.2	2.484 B	0.3154	1.721 B	1.0526	858.142 B
40.4	2.491 B	0.3174	1.731 B	1.0530	857.770 B
40.6	2.499 B	0.3195	1.742 B	1.0534	857.396 B
40.8	2.506 B	0.3216	1.753 B	1.0538	857.019 B
41.0	2.514 B	0.3237	1.763 B	1.0542	856.641 B
41.2	2.521 B	0.3258	1.774 B	1.0546	856.261 B
41.4	2.528 B	0.3279	1.785 B	1.0549	855.879 B
41.6	2.536 B	0.3300	1.796 B	1.0553	855.494 B
41.8	2.543 B	0.3321	1.807 B	1.0556	855.107 B
42.0	2.551 B	0.3343	1.818 B	1.0559	854.719 B
42.2	2.558 B	0.3365	1.829 B	1.0562	854.328 B
42.4	2.566 B	0.3386	1.840 B	1.0564	853.935 B
42.6	2.573 B	0.3408	1.851 B	1.0567	853.540 B
42.8	2.581 B	0.3430	1.862 B	1.0569	853.142 B
43.0	2.588 B	0.3452	1.873 B	1.0571	852.743 B
43.2	2.596 B	0.3475	1.884 B	1.0573	852.341 B
43.4	2.603 B	0.3497	1.896 B	1.0575	851.938 B
43.6	2.611 B	0.3519	1.907 B	1.0577	851.532 B
43.8	2.619 B	0.3542	1.918 B	1.0578	851.124 B
44.0	2.626 B	0.3565	1.930 B	1.0580	850.713 B
44.2	2.634 B	0.3588	1.941 B	1.0581	850.301 B
44.4	2.642 B	0.3611	1.953 B	1.0582	849.886 B
44.6	2.649 B	0.3634	1.965 B	1.0583	849.469 B
44.8	2.657 B	0.3657	1.976 B	1.0583	849.050 B
45.0	2.665 B	0.3680	1.988 B	1.0584	848.629 B
45.2	2.672 B	0.3704	2.000 B	1.0584	848.205 B
45.4	2.680 B	0.3727	2.011 B	1.0585	847.780 B
45.6	2.688 B	0.3751	2.023 B	1.0585	847.352 B
45.8	2.696 B	0.3775	2.035 B	1.0585	846.921 B
46.0	2.703 B	0.3799	2.047 B	1.0584	846.489 B
46.2	2.711 B	0.3823	2.059 B	1.0584	846.054 B
46.4	2.719 B	0.3847	2.071 B	1.0583	845.617 B
46.6	2.727 B	0.3872	2.083 B	1.0583	845.178 B
46.8	2.735 B	0.3896	2.095 B	1.0582	844.737 B
47.0	2.742 B	0.3921	2.107 B	1.0581	844.293 B
47.2	2.750 B	0.3946	2.120 B	1.0580	843.847 B
47.4	2.758 B	0.3971	2.132 B	1.0578	843.399 B
47.6	2.766 B	0.3996	2.144 B	1.0577	842.948 B
47.8	2.774 B	0.4021	2.157 B	1.0575	842.496 B
48.0	2.782 B	0.4046	2.169 B	1.0573	842.041 B
48.2	2.790 B	0.4072	2.181 B	1.0571	841.583 B
48.4	2.798 B	0.4097	2.194 B	1.0569	841.124 B
48.6	2.806 B	0.4123	2.206 B	1.0567	840.662 B
48.8	2.813 B	0.4149	2.219 B	1.0564	840.197 B
49.0	2.821 B	0.4175	2.232 B	1.0562	839.731 B
49.2	2.829 B	0.4201	2.244 B	1.0559	839.262 B
49.4	2.837 B	0.4227	2.257 B	1.0556	838.790 B
49.6	2.845 B	0.4254	2.270 B	1.0553	838.317 B
49.8	2.853 B	0.4280	2.283 B	1.0550	837.841 B
50.0	2.861 B	0.4307	2.296 B	1.0547	837.363 B
50.2	2.869 B	0.4334	2.309 B	1.0543	836.882 B
50.4	2.877 B	0.4361	2.322 B	1.0540	836.399 B
50.6	2.885 B	0.4388	2.335 B	1.0536	835.914 B
50.8	2.893 B	0.4415	2.348 B	1.0532	835.426 B
51.0	2.901 B	0.4442	2.361 B	1.0528	834.937 B
51.2	2.909 B	0.4470	2.374 B	1.0524	834.444 B
51.4	2.917 B	0.4497	2.387 B	1.0519	833.950 B
51.6	2.926 B	0.4525	2.401 B	1.0515	833.452 B
51.8	2.934 B	0.4553	2.414 B	1.0510	832.953 B
52.0	2.942 B	0.4581	2.427 B	1.0505	832.451 B
52.2	2.950 B	0.4609	2.441 B	1.0501	831.947 B
52.4	2.958 B	0.4638	2.454 B	1.0495	831.441 B
52.6	2.966 B	0.4666	2.468 B	1.0490	830.932 B
52.8	2.974 B	0.4695	2.481 B	1.0485	830.420 B
53.0	2.982 B	0.4724	2.495 B	1.0479	829.907 B
53.2	2.990 B	0.4753	2.509 B	1.0474	829.391 B
53.4	2.998 B	0.4782	2.523 B	1.0468	828.872 B
53.6	3.007 B	0.4811	2.536 B	1.0462	828.351 B
53.8	3.015 B	0.4840	2.550 B	1.0456	827.828 B
54.0	3.023 B	0.4870	2.564 B	1.0450	827.302 B
54.2	3.031 B	0.4900	2.578 B	1.0444	826.774 B
54.4	3.039 B	0.4929	2.592 B	1.0437	826.243 B
54.6	3.047 B	0.4959	2.606 B	1.0431	825.711 B
54.8	3.055 B	0.4989	2.620 B	1.0424	825.175 B
55.0	3.064 B	0.5020	2.634 B	1.0417	824.637 B
55.2	3.072 B	0.5050	2.648 B	1.0410	824.097 B
55.4	3.080 B	0.5081	2.662 B	1.0403	823.555 B
55.6	3.088 B	0.5111	2.677 B	1.0396	823.009 B
55.8	3.096 B	0.5142	2.691 B	1.0389	822.462 B
56.0	3.105 B	0.5173	2.705 B	1.0381	821.912 B
56.2	3.113 B	0.5204	2.719 B	1.0374	821.360 B
56.4	3.121 B	0.5236	2.734 B	1.0366	820.805 B
56.6	3.129 B	0.5267	2.748 B	1.0358	820.248 B
56.8	3.137 B	0.5299	2.763 B	1.0350	819.688 B
57.0	3.145 B	0.5331	2.777 B	1.0342	819.126 B
57.2	3.154 B	0.5362	2.792 B	1.0334	818.561 B
57.4	3.162 B	0.5394	2.807 B	1.0326	817.994 B
57.6	3.170 B	0.5427	2.821 B	1.0317	817.425 B
57.8	3.178 B	0.5459	2.836 B	1.0309	816.853 B
58.0	3.186 B	0.5492	2.851 B	1.0300	816.279 B
58.2	3.195 B	0.5524	2.866 B	1.0291	815.702 B
58.4	3.203 B	0.5557	2.881 B	1.0282	815.123 B
58.6	3.211 B	0.5590	2.895 B	1.0273	814.541 B
58.8	3.219 B	0.5623	2.910 B	1.0264	813.957 B
59.0	3.227 B	0.5656	2.925 B	1.0255	813.370 B
59.2	3.236 B	0.5690	2.940 B	1.0245	812.781 B
59.4	3.244 B	0.5723	2.956 B	1.0236	812.190 B
59.6	3.252 B	0.5757	2.971 B	1.0226	811.596 B
59.8	3.260 B	0.5791	2.986 B	1.0217	810.999 B
60.0	3.268 B	0.5825	3.001 B	1.0207	810.400 B
60.2	3.277 B	0.5859	3.016 B	1.0197	809.799 B
60.4	3.285 B	0.5894	3.032 B	1.0187	809.195 B
60.6	3.293 B	0.5928	3.047 B	1.0177	808.589 B
60.8	3.301 B	0.5963	3.062 B	1.0166	807.980 B
61.0	3.309 B	0.5998	3.078 B	1.0156	807.369 B
61.2	3.318 B	0.6033	3.093 B	1.0146	806.755 B
61.4	3.326 B	0.6068	3.109 B	1.0135	806.139 B
61.6	3.334 B	0.6103	3.124 B	1.0124	805.521 B
61.8	3.342 B	0.6139	3.140 B	1.0114	804.900 B
62.0	3.350 B	0.6174	3.155 B	1.0103	804.276 B
62.2	3.358 B	0.6210	3.171 B	1.0092	803.650 B
62.4	3.367 B	0.6246	3.187 B	1.0081	803.022 B
62.6	3.375 B	0.6282	3.203 B	1.0069	802.391 B
62.8	3.383 B	0.6318	3.218 B	1.0055	801.758 B
63.0	3.391 B	0.6355	3.234 B	1.0042	801.122 B
63.2	3.399 B	0.6391	3.250 B	1.0029	800.484 B
63.4	3.407 B	0.6428	3.266 B	1.0016	799.843 B
63.6	3.415 B	0.6465	3.282 B	1.0003	799.200 B
63.8	3.423 B	0.6502	3.298 B	0.9990	798.555 B
64.0	3.431 B	0.6539	3.314 B	0.9978	797.907 B
64.2	3.439 B	0.6576	3.330 B	0.9965	797.257 B
64.4	3.447 B	0.6614	3.346 B	0.9952	796.604 B
64.6	3.455 B	0.6651	3.362 B	0.9940	795.949 B
64.8	3.463 B	0.6689	3.378 B	0.9927	795.291 B
65.0	3.471 B	0.6727	3.395 B	0.9915	794.631 B
65.2	3.479 B	0.6765	3.411 B	0.9902	793.969 B
65.4	3.486 B	0.6804	3.427 B	0.9890	793.304 B
65.6	3.494 B	0.6842	3.443 B	0.9878	792.637 B
65.8	3.502 B	0.6881	3.460 B	0.9865	791.968 B
66.0	3.510 B	0.6919	3.476 B	0.9853	791.296 B
66.2	3.518 B	0.6958	3.492 B	0.9841	790.622 B
66.4	3.525 B	0.6997	3.509 B	0.9828	789.945 B
66.6	3.533 B	0.7036	3.525 B	0.9816	789.267 B
66.8	3.541 B	0.7076	3.542 B	0.9804	788.585 B
67.0	3.548 B	0.7116	3.558 B	0.9791	787.902 B
67.2	3.556 B	0.7164	3.575 B	0.9779	787.216 B
67.4	3.564 B	0.7215	3.591 B	0.9766	786.527 B
67.6	3.571 B	0.7268	3.608 B	0.9754	785.837 B
67.8	3.579 B	0.7323	3.625 B	0.9741	785.144 B
68.0	3.587 B	0.7380	3.641 B	0.9735	784.449 B
68.2	3.594 B	0.7439	3.658 B	0.9745	783.751 B
68.4	3.602 B	0.7498	3.675 B	0.9754	783.051 B
68.6	3.610 B	0.7559	3.692 B	0.9762	782.349 B
68.8	3.618 B	0.7621	3.708 B	0.9769	781.644 B
69.0	3.626 B	0.7683	3.725 B	0.9776	780.937 B
69.2	3.634 B	0.7746	3.742 B	0.9782	780.228 B
69.4	3.642 B	0.7810	3.759 B	0.9787	779.516 B
69.6	3.651 B	0.7874	3.776 B	0.9791	778.802 B
69.8	3.659 B	0.7938	3.793 B	0.9795	778.085 B
70.0	3.668 B	0.8003	3.810 B	0.9799	777.366 B
70.2	3.676 B	0.8068	3.827 B	0.9801	776.644 B
70.4	3.685 B	0.8134	3.844 B	0.9803	775.920 B
70.6	3.693 B	0.8200	3.861 B	0.9805	775.194 B
70.8	3.702 B	0.8266	3.878 B	0.9806	774.465 B
71.0	3.711 B	0.8332	3.895 B	0.9807	773.734 B
71.2	3.720 B	0.8399	3.912 B	0.9807	773.000 B
71.4	3.728 B	0.8466	3.929 B	0.9806	772.263 B
71.6	3.737 B	0.8533	3.947 B	0.9805	771.525 B
71.8	3.746 B	0.8601	3.964 B	0.9804	770.783 B
72.0	3.755 B	0.8669	3.981 B	0.9802	770.039 B
72.2	3.764 B	0.8737	3.999 B	0.9799	769.293 B
72.4	3.774 B	0.8806	4.016 B	0.9793	768.544 B
72.6	3.783 B	0.8874	4.034 B	0.9787	767.793 B
72.8	3.792 B	0.8943	4.051 B	0.9781	767.039 B
73.0	3.801 B	0.9013	4.068 B	0.9775	766.282 B
73.2	3.810 B	0.9083	4.086 B	0.9768	765.523 B
73.4	3.820 B	0.9153	4.104 B	0.9761	764.762 B
73.6	3.829 B	0.9223	4.121 B	0.9754	763.998 B
73.8	3.838 B	0.9294	4.139 B	0.9747	763.231 B
74.0	3.847 B	0.9365	4.157 B	0.9740	762.462 B
74.2	3.857 B	0.9436	4.174 B	0.9732	761.690 B
74.4	3.866 B	0.9508	4.192 B	0.9723	760.917 B
74.6	3.875 B	0.9580	4.210 B	0.9715	760.140 B
74.8	3.885 B	0.9653	4.228 B	0.9706	759.361 B
75.0	3.894 B	0.9726	4.245 B	0.9697	758.580 B
75.2	3.903 B	0.9799	4.263 B	0.9688	757.797 B
75.4	3.912 B	0.9873	4.281 B	0.9679	757.011 B
75.6	3.922 B	0.9947	4.299 B	0.9670	756.223 B
75.8	3.931 B	1.0022	4.317 B	0.9661	755.432 B
76.0	3.940 B	1.0097	4.335 B	0.9652	754.639 B
76.2	3.950 B	1.0172	4.353 B	0.9643	753.844 B
76.4	3.959 B	1.0248	4.371 B	0.9634	753.046 B
76.6	3.968 B	1.0325	4.389 B	0.9624	752.246 B
76.8	3.977 B	1.0401	4.407 B	0.9615	751.443 B
77.0	3.987 B	1.0479	4.425 B	0.9605	750.638 B
77.2	3.996 B	1.0556	4.443 B	0.9596	749.831 B
77.4	4.005 B	1.0635	4.462 B	0.9586	749.021 B
77.6	4.014 B	1.0713	4.480 B	0.9577	748.209 B
77.8	4.024 B	1.0792	4.498 B	0.9567	747.395 B
78.0	4.033 B	1.0872	4.516 B	0.9557	746.578 B
78.2	4.042 B	1.0952	4.535 B	0.9547	745.759 B
78.4	4.051 B	1.1032	4.553 B	0.9537	744.937 B
78.6	4.060 B	1.1113	4.571 B	0.9527	744.113 B
78.8	4.070 B	1.1195	4.590 B	0.9517	743.287 B
79.0	4.079 B	1.1277	4.608 B	0.9507	742.458 B
79.2	4.088 B	1.1359	4.626 B	0.9497	741.627 B
79.4	4.097 B	1.1442	4.645 B	0.9487	740.794 B
79.6	4.106 B	1.1525	4.663 B	0.9477	739.958 B
79.8	4.115 B	1.1609	4.682 B	0.9467	739.120 B
80.0	4.124 B	1.1694	4.700 B	0.9457	738.279 B
80.2	4.134 B	1.1779	4.719 B	0.9447	737.437 B
80.4	4.143 B	1.1864	4.737 B	0.9436	736.591 B
80.6	4.152 B	1.1950	4.756 B	0.9426	735.744 B
80.8	4.161 B	1.2036	4.775 B	0.9416	734.894 B
81.0	4.170 B	1.2123	4.793 B	0.9405	734.042 B
81.2	4.179 B	1.2211	4.812 B	0.9395	733.188 B
81.4	4.188 B	1.2299	4.831 B	0.9384	732.331 B
81.6	4.197 B	1.2387	4.849 B	0.9374	731.472 B
81.8	4.206 B	1.2476	4.868 B	0.9363	730.610 B
82.0	4.215 B	1.2566	4.887 B	0.9353	729.746 B
82.2	4.224 B	1.2656	4.906 B	0.9342	728.880 B
82.4	4.233 B	1.2747	4.924 B	0.9332	728.012 B
82.6	4.242 B	1.2838	4.943 B	0.9321	727.141 B
82.8	4.251 B	1.2930	4.962 B	0.9310	726.268 B
83.0	4.260 B	1.3022	4.981 B	0.9300	725.392 B
83.2	4.269 B	1.3115	5.000 B	0.9289	724.515 B
83.4	4.278 B	1.3208	5.019 B	0.9278	723.635 B
83.6	4.286 B	1.3302	5.038 B	0.9268	722.752 B
83.8	4.295 B	1.3397	5.057 B	0.9257	721.868 B
84.0	4.304 B	1.3492	5.076 B	0.9246	720.981 B
84.2	4.313 B	1.3587	5.095 B	0.9236	720.092 B
84.4	4.322 B	1.3684	5.114 B	0.9225	719.200 B
84.6	4.331 B	1.3780	5.133 B	0.9214	718.307 B
84.8	4.339 B	1.3878	5.152 B	0.9203	717.411 B
85.0	4.348 B	1.3976	5.171 B	0.9192	716.513 B
85.2	4.357 B	1.4074	5.190 B	0.9182	715.612 B
85.4	4.366 B	1.4174	5.209 B	0.9171	714.709 B
85.6	4.374 B	1.4273	5.228 B	0.9160	713.804 B
85.8	4.383 B	1.4374	5.247 B	0.9149	712.897 B
86.0	4.392 B	1.4475	5.266 B	0.9138	711.987 B
86.2	4.400 B	1.4576	5.285 B	0.9127	711.076 B
86.4	4.409 B	1.4678	5.305 B	0.9116	710.162 B
86.6	4.417 B	1.4781	5.324 B	0.9105	709.245 B
86.8	4.426 B	1.4885	5.343 B	0.9094	708.327 B
87.0	4.435 B	1.4989	5.362 B	0.9084	707.406 B
87.2	4.443 B	1.5093	5.381 B	0.9073	706.483 B
87.4	4.452 B	1.5199	5.401 B	0.9062	705.558 B
87.6	4.460 B	1.5304	5.420 B	0.9051	704.631 B
87.8	4.469 B	1.5411	5.439 B	0.9040	703.701 B
88.0	4.477 B	1.5518	5.459 B	0.9029	702.770 B
88.2	4.486 B	1.5626	5.478 B	0.9018	701.836 B
88.4	4.494 B	1.5734	5.497 B	0.9007	700.899 B
88.6	4.502 B	1.5844	5.517 B	0.8996	699.961 B
88.8	4.511 B	1.5953	5.536 B	0.8985	699.021 B
89.0	4.519 B	1.6064	5.555 B	0.8974	698.078 B
89.2	4.527 B	1.6175	5.575 B	0.8963	697.133 B
89.4	4.536 B	1.6287	5.594 B	0.8952	696.186 B
89.6	4.544 B	1.6399	5.613 B	0.8941	695.237 B
89.8	4.552 B	1.6512	5.633 B	0.8931	694.286 B
90.0	4.561 B	1.6626	5.652 B	0.8920	693.332 B
90.2	4.569 B	1.6741	5.672 B	0.8909	692.376 B
90.4	4.577 B	1.6856	5.691 B	0.8898	691.419 B
90.6	4.585 B	1.6972	5.710 B	0.8887	690.459 B
90.8	4.593 B	1.7088	5.730 B	0.8876	689.497 B
91.0	4.601 B	1.7205	5.749 B	0.8865	688.533 B
91.2	4.610 B	1.7323	5.769 B	0.8854	687.566 B
91.4	4.618 B	1.7442	5.788 B	0.8843	686.598 B
91.6	4.626 B	1.7561	5.808 B	0.8832	685.628 B
91.8	4.634 B	1.7681	5.827 B	0.8822	684.655 B
92.0	4.642 B	1.7802	5.847 B	0.8811	683.680 B
92.2	4.650 B	1.7924	5.866 B	0.8800	682.704 B
92.4	4.658 B	1.8046	5.886 B	0.8789	681.725 B
92.6	4.666 B	1.8169	5.905 B	0.8778	680.744 B
92.8	4.673 B	1.8292	5.925 B	0.8767	679.761 B
93.0	4.681 B	1.8417	5.944 B	0.8757	678.776 B
93.2	4.689 B	1.8542	5.964 B	0.8746	677.789 B
93.4	4.697 B	1.8668	5.983 B	0.8735	676.800 B
93.6	4.705 B	1.8795	6.003 B	0.8724	675.809 B
93.8	4.713 B	1.8922	6.023 B	0.8714	674.815 B
94.0	4.720 B	1.9050	6.042 B	0.8702	673.820 B
94.2	4.728 B	1.9179	6.062 B	0.8684	672.824 B
94.4	4.736 B	1.9309	6.081 B	0.8667	671.827 B
94.6	4.743 B	1.9439	6.100 B	0.8650	670.828 B
94.8	4.751 B	1.9570	6.120 B	0.8633	669.828 B
95.0	4.758 B	1.9702	6.139 B	0.8616	668.828 B
95.2	4.766 B	1.9834	6.159 B	0.8598	667.826 B
95.4	4.773 B	1.9967	6.178 B	0.8581	666.823 B
95.6	4.781 B	2.0100	6.197 B	0.8564	665.819 B
95.8	4.788 B	2.0234	6.216 B	0.8546	664.813 B
96.0	4.796 B	2.0369	6.235 B	0.8529	663.807 B
96.2	4.803 B	2.0504	6.254 B	0.8512	662.800 B
96.4	4.810 B	2.0639	6.273 B	0.8494	661.792 B
96.6	4.818 B	2.0775	6.292 B	0.8477	660.783 B
96.8	4.825 B	2.0912	6.311 B	0.8460	659.772 B
97.0	4.832 B	2.1049	6.330 B	0.8442	658.761 B
97.2	4.839 B	2.1187	6.349 B	0.8425	657.749 B
97.4	4.846 B	2.1325	6.368 B	0.8408	656.736 B
97.6	4.853 B	2.1464	6.387 B	0.8391	655.722 B
97.8	4.860 B	2.1603	6.405 B	0.8374	654.707 B
98.0	4.867 B	2.1743	6.424 B	0.8356	653.691 B
98.2	4.874 B	2.1883	6.443 B	0.8339	652.674 B
98.4	4.881 B	2.2024	6.461 B	0.8322	651.657 B
98.6	4.888 B	2.2165	6.480 B	0.8305	650.639 B
98.8	4.895 B	2.2307	6.498 B	0.8288	649.619 B
99.0	4.901 B	2.2449	6.517 B	0.8271	648.599 B
99.2	4.908 B	2.2592	6.535 B	0.8254	647.578 B
99.4	4.915 B	2.2735	6.553 B	0.8237	646.557 B
99.6	4.921 B	2.2879	6.572 B	0.8220	645.534 B
99.8	4.928 B	2.3023	6.590 B	0.8203	644.511 B
100.0	4.934 B	2.3168	6.608 B	0.8186	643.488 B
100.2	4.941 B	2.3313	6.626 B	0.8170	642.463 B
100.4	4.947 B	2.3459	6.644 B	0.8153	641.438 B
100.6	4.953 B	2.3605	6.662 B	0.8136	640.412 B
100.8	4.960 B	2.3751	6.680 B	0.8120	639.385 B
101.0	4.966 B	2.3898	6.698 B	0.8103	638.358 B
101.2	4.972 B	2.4046	6.716 B	0.8087	637.330 B
101.4	4.978 B	2.4194	6.734 B	0.8070	636.301 B
101.6	4.984 B	2.4342	6.751 B	0.8054	635.272 B
101.8	4.990 B	2.4491	6.769 B	0.8037	634.243 B
102.0	4.996 B	2.4640	6.786 B	0.8021	633.212 B
102.2	5.002 B	2.4790	6.804 B	0.8005	632.181 B
102.4	5.008 B	2.4941	6.821 B	0.7989	631.150 B
102.6	5.014 B	2.5091	6.839 B	0.7972	630.118 B
102.8	5.020 B	2.5242	6.856 B	0.7956	629.086 B
103.0	5.026 B	2.5394	6.873 B	0.7940	628.053 B
103.2	5.032 B	2.5546	6.891 B	0.7924	627.019 B
103.4	5.037 B	2.5698	6.908 B	0.7909	625.986 B
103.6	5.043 B	2.5851	6.925 B	0.7893	624.951 B
103.8	5.048 B	2.6005	6.942 B	0.7877	623.917 B
104.0	5.054 B	2.6158	6.959 B	0.7861	622.882 B
104.2	5.059 B	2.6313	6.976 B	0.7846	621.846 B
104.4	5.065 B	2.6467	6.993 B	0.7830	620.810 B
104.6	5.070 B	2.6622	7.009 B	0.7815	619.774 B
104.8	5.075 B	2.6778	7.026 B	0.7799	618.738 B
105.0	5.081 B	2.6933	7.043 B	0.7784	617.701 B
105.2	5.086 B	2.7090	7.059 B	0.7768	616.663 B
105.4	5.091 B	2.7246	7.076 B	0.7753	615.626 B
105.6	5.096 B	2.7403	7.092 B	0.7738	614.588 B
105.8	5.101 B	2.7561	7.109 B	0.7723	613.550 B
106.0	5.106 B	2.7718	7.125 B	0.7708	612.512 B
106.2	5.111 B	2.7876	7.141 B	0.7693	611.473 B
106.4	5.116 B	2.8035	7.157 B	0.7678	610.435 B
106.6	5.121 B	2.8194	7.173 B	0.7663	609.396 B
106.8	5.125 B	2.8353	7.189 B	0.7648	608.357 B
107.0	5.130 B	2.8513	7.205 B	0.7634	607.317 B
107.2	5.135 B	2.8673	7.221 B	0.7619	606.278 B
107.4	5.140 B	2.8833	7.237 B	0.7604	605.238 B
107.6	5.144 B	2.8994	7.253 B	0.7590	604.199 B
107.8	5.149 B	2.9155	7.268 B	0.7575	603.159 B
108.0	5.153 B	2.9316	7.284 B	0.7561	602.119 B
108.2	5.157 B	2.9478	7.299 B	0.7547	601.079 B
108.4	5.162 B	2.9639	7.315 B	0.7533	600.039 B
108.6	5.166 B	2.9802	7.330 B	0.7518	598.999 B
108.8	5.170 B	2.9964	7.345 B	0.7504	597.959 B
109.0	5.175 B	3.0127	7.361 B	0.7490	596.919 B
109.2	5.179 B	3.0290	7.376 B	0.7476	595.879 B
109.4	5.183 B	3.0454	7.391 B	0.7463	594.839 B
109.6	5.187 B	3.0618	7.406 B	0.7449	593.799 B
109.8	5.191 B	3.0782	7.421 B	0.7435	592.759 B
110.0	5.195 B	3.0946	7.435 B	0.7421	591.719 B
110.2	5.199 B	3.1111	7.450 B	0.7408	590.679 B
110.4	5.203 B	3.1275	7.465 B	0.7394	589.640 B
110.6	5.206 B	3.1441	7.479 B	0.7380	588.601 B
110.8	5.210 B	3.1606	7.494 B	0.7366	587.562 B
111.0	5.213 B	3.1772	7.508 B	0.7352	586.524 B
111.2	5.217 B	3.1938	7.523 B	0.7339	585.486 B
111.4	5.220 B	3.2104	7.537 B	0.7326	584.448 B
111.6	5.223 B	3.2270	7.551 B	0.7313	583.411 B
111.8	5.227 B	3.2437	7.565 B	0.7300	582.374 B
112.0	5.230 B	3.2604	7.579 B	0.7288	581.338 B
112.2	5.233 B	3.2772	7.593 B	0.7275	580.302 B
112.4	5.236 B	3.2940	7.607 B	0.7263	579.266 B
112.6	5.238 B	3.3108	7.620 B	0.7251	578.231 B
112.8	5.241 B	3.3276	7.634 B	0.7240	577.197 B
113.0	5.244 B	3.3444	7.648 B	0.7228	576.163 B
113.2	5.246 B	3.3613	7.661 B	0.7217	575.130 B
113.4	5.249 B	3.3782	7.674 B	0.7205	574.097 B
113.6	5.251 B	3.3952	7.688 B	0.7194	573.065 B
113.8	5.254 B	3.4121	7.701 B	0.7184	572.033 B
114.0	5.256 B	3.4291	7.714 B	0.7173	571.002 B
114.2	5.258 B	3.4461	7.727 B	0.7162	569.971 B
114.4	5.260 B	3.4631	7.740 B	0.7152	568.942 B
114.6	5.262 B	3.4802	7.753 B	0.7142	567.912 B
114.8	5.264 B	3.4973	7.765 B	0.7132	566.884 B
115.0	5.266 B	3.5144	7.778 B	0.7122	565.856 B
115.2	5.268 B	3.5315	7.790 B	0.7112	564.828 B
115.4	5.270 B	3.5486	7.803 B	0.7102	563.802 B
115.6	5.271 B	3.5658	7.815 B	0.7093	562.776 B
115.8	5.273 B	3.5829	7.828 B	0.7084	561.751 B
116.0	5.275 B	3.6001	7.840 B	0.7074	560.726 B
116.2	5.276 B	3.6173	7.852 B	0.7065	559.702 B
116.4	5.277 B	3.6345	7.864 B	0.7056	558.679 B
116.6	5.279 B	3.6517	7.876 B	0.7048	557.657 B
116.8	5.280 B	3.6690	7.887 B	0.7039	556.636 B
117.0	5.281 B	3.6862	7.899 B	0.7031	555.615 B
117.2	5.282 B	3.7035	7.911 B	0.7022	554.595 B
117.4	5.283 B	3.7207	7.922 B	0.7014	553.576 B
117.6	5.284 B	3.7380	7.934 B	0.7006	552.558 B
117.8	5.285 B	3.7553	7.945 B	0.6998	551.540 B
118.0	5.286 B	3.7726	7.956 B	0.6990	550.524 B
118.2	5.287 B	3.7899	7.968 B	0.6982	549.508 B
118.4	5.287 B	3.8072	7.979 B	0.6975	548.493 B
118.6	5.288 B	3.8244	7.990 B	0.6967	547.479 B
118.8	5.289 B	3.8417	8.000 B	0.6960	546.466 B
119.0	5.289 B	3.8590	8.011 B	0.6952	545.454 B
119.2	5.289 B	3.8763	8.022 B	0.6945	544.443 B
119.4	5.290 B	3.8936	8.032 B	0.6938	543.433 B
119.6	5.290 B	3.9109	8.043 B	0.6931	542.424 B
119.8	5.290 B	3.9282	8.053 B	0.6924	541.416 B
120.0	5.291 B	3.9455	8.064 B	0.6917	540.409 B
120.2	5.291 B	3.9627	8.074 B	0.6911	539.402 B
120.4	5.291 B	3.9800	8.084 B	0.6904	538.397 B
120.6	5.291 B	3.9972	8.094 B	0.6898	537.393 B
120.8	5.291 B	4.0145	8.104 B	0.6891	536.390 B
121.0	5.291 B	4.0317	8.114 B	0.6885	535.388 B
121.2	5.291 B	4.0489	8.123 B	0.6879	534.387 B
121.4	5.290 B	4.0661	8.133 B	0.6873	533.388 B
121.6	5.290 B	4.0832	8.143 B	0.6866	532.389 B
121.8	5.290 B	4.1004	8.152 B	0.6861	531.391 B
122.0	5.289 B	4.1175	8.161 B	0.6855	530.395 B
122.2	5.289 B	4.1346	8.170 B	0.6849	529.400 B
122.4	5.288 B	4.1517	8.180 B	0.6843	528.406 B
122.6	5.288 B	4.1688	8.189 B	0.6838	527.413 B
122.8	5.287 B	4.1858	8.198 B	0.6832	526.421 B
123.0	5.287 B	4.2028	8.206 B	0.6826	525.430 B
123.2	5.286 B	4.2198	8.215 B	0.6821	524.441 B
123.4	5.285 B	4.2368	8.224 B	0.6816	523.453 B
123.6	5.284 B	4.2537	8.232 B	0.6811	522.466 B
123.8	5.283 B	4.2705	8.241 B	0.6805	521.480 B
124.0	5.283 B	4.2874	8.249 B	0.6800	520.496 B
124.2	5.282 B	4.3042	8.257 B	0.6795	519.513 B
124.4	5.281 B	4.3210	8.265 B	0.6790	518.531 B
124.6	5.280 B	4.3377	8.273 B	0.6785	517.550 B
124.8	5.278 B	4.3544	8.281 B	0.6781	516.571 B
125.0	5.277 B	4.3711	8.289 B	0.6776	515.593 B
125.2	5.276 B	4.3877	8.297 B	0.6771	514.616 B
125.4	5.275 B	4.4042	8.305 B	0.6766	513.641 B
125.6	5.273 B	4.4208	8.312 B	0.6762	512.667 B
125.8	5.272 B	4.4372	8.320 B	0.6757	511.694 B
126.0	5.271 B	4.4537	8.327 B	0.6753	510.723 B
126.2	5.269 B	4.4700	8.334 B	0.6749	509.753 B
126.4	5.268 B	4.4863	8.341 B	0.6744	508.784 B
126.6	5.266 B	4.5026	8.348 B	0.6740	507.817 B
126.8	5.265 B	4.5188	8.355 B	0.6736	506.852 B
127.0	5.263 B	4.5350	8.362 B	0.6732	505.887 B
127.2	5.261 B	4.5511	8.369 B	0.6727	504.924 B
127.4	5.260 B	4.5671	8.376 B	0.6723	503.963 B
127.6	5.258 B	4.5831	8.382 B	0.6719	503.003 B
127.8	5.256 B	4.5990	8.389 B	0.6716	502.044 B
128.0	5.254 B	4.6148	8.395 B	0.6712	501.087 B
128.2	5.252 B	4.6306	8.401 B	0.6708	500.131 B
128.4	5.250 B	4.6463	8.407 B	0.6704	499.177 B
128.6	5.248 B	4.6620	8.413 B	0.6700	498.225 B
128.8	5.246 B	4.6775	8.419 B	0.6697	497.273 B
129.0	5.244 B	4.6930	8.425 B	0.6693	496.324 B
129.2	5.242 B	4.7085	8.431 B	0.6689	495.376 B
129.4	5.240 B	4.7238	8.437 B	0.6686	494.429 B
129.6	5.238 B	4.7391	8.442 B	0.6682	493.484 B
129.8	5.235 B	4.7543	8.448 B	0.6679	492.541 B
130.0	5.233 B	4.7694	8.453 B	0.6676	491.599 B
130.2	5.231 B	4.7845	8.458 B	0.6672	490.658 B
130.4	5.229 B	4.7994	8.463 B	0.6669	489.719 B
130.6	5.226 B	4.8143	8.468 B	0.6666	488.782 B
130.8	5.224 B	4.8291	8.473 B	0.6662	487.846 B
131.0	5.221 B	4.8438	8.478 B	0.6659	486.912 B
131.2	5.219 B	4.8584	8.483 B	0.6656	485.980 B
131.4	5.216 B	4.8730	8.488 B	0.6653	485.049 B
131.6	5.214 B	4.8874	8.492 B	0.6650	484.120 B
131.8	5.211 B	4.9017	8.497 B	0.6647	483.192 B
132.0	5.208 B	4.9160	8.501 B	0.6644	482.266 B
132.2	5.206 B	4.9301	8.505 B	0.6641	481.342 B
132.4	5.203 B	4.9442	8.510 B	0.6638	480.420 B
132.6	5.200 B	4.9581	8.514 B	0.6635	479.499 B
132.8	5.197 B	4.9720	8.518 B	0.6632	478.579 B
133.0	5.195 B	4.9858	8.521 B	0.6630	477.662 B
133.2	5.192 B	4.9994	8.525 B	0.6627	476.746 B
133.4	5.189 B	5.0130	8.529 B	0.6624	475.832 B
133.6	5.186 B	5.0264	8.532 B	0.6621	474.919 B
133.8	5.183 B	5.0397	8.536 B	0.6617	474.008 B
134.0	5.180 B	5.0530	8.539 B	0.6615	473.099 B
134.2	5.177 B	5.0661	8.543 B	0.6612	472.192 B
134.4	5.174 B	5.0791	8.546 B	0.6609	471.286 B
134.6	5.170 B	5.0920	8.549 B	0.6606	470.382 B
134.8	5.167 B	5.1048	8.552 B	0.6603	469.480 B
135.0	5.164 B	5.1175	8.555 B	0.6601	468.580 B
135.2	5.161 B	5.1300	8.558 B	0.6598	467.681 B
135.4	5.157 B	5.1425	8.560 B	0.6595	466.785 B
135.6	5.154 B	5.1548	8.563 B	0.6593	465.890 B
135.8	5.151 B	5.1670	8.566 B	0.6590	464.997 B
136.0	5.147 B	5.1791	8.568 B	0.6588	464.105 B
136.2	5.144 B	5.1911	8.570 B	0.6586	463.216 B
136.4	5.140 B	5.2029	8.572 B	0.6583	462.328 B
136.6	5.137 B	5.2147	8.575 B	0.6581	461.442 B
136.8	5.133 B	5.2263	8.577 B	0.6579	460.558 B
137.0	5.129 B	5.2377	8.579 B	0.6577	459.676 B
137.2	5.126 B	5.2491	8.580 B	0.6575	458.795 B
137.4	5.122 B	5.2603	8.582 B	0.6573	457.917 B
137.6	5.118 B	5.2714	8.584 B	0.6571	457.040 B
137.8	5.115 B	5.2824	8.585 B	0.6569	456.165 B
138.0	5.111 B	5.2932	8.587 B	0.6567	455.292 B
138.2	5.107 B	5.3039	8.588 B	0.6565	454.421 B
138.4	5.103 B	5.3145	8.589 B	0.6563	453.552 B
138.6	5.099 B	5.3249	8.591 B	0.6561	452.685 B
138.8	5.096 B	5.3352	8.592 B	0.6559	451.820 B
139.0	5.092 B	5.3453	8.593 B	0.6557	450.956 B
139.2	5.088 B	5.3553	8.594 B	0.6556	450.095 B
139.4	5.084 B	5.3652	8.594 B	0.6554	449.235 B
139.6	5.080 B	5.3749	8.595 B	0.6552	448.377 B
139.8	5.076 B	5.3845	8.596 B	0.6550	447.522 B
140.0	5.072 B	5.3939	8.596 B	0.6549	446.668 B
140.2	5.068 B	5.4032	8.597 B	0.6547	445.816 B
140.4	5.064 B	5.4123	8.597 B	0.6546	444.966 B
140.6	5.059 B	5.4213	8.597 B	0.6544	444.118 B
140.8	5.055 B	5.4301	8.597 B	0.6542	443.272 B
141.0	5.051 B	5.4388	8.597 B	0.6541	442.428 B
141.2	5.047 B	5.4473	8.597 B	0.6539	441.586 B
141.4	5.043 B	5.4556	8.597 B	0.6538	440.746 B
141.6	5.038 B	5.4638	8.597 B	0.6536	439.908 B
141.8	5.034 B	5.4719	8.597 B	0.6535	439.072 B
142.0	5.030 B	5.4798	8.596 B	0.6534	438.237 B
142.2	5.026 B	5.4875	8.596 B	0.6532	437.405 B
142.4	5.021 B	5.4951	8.595 B	0.6531	436.575 B
142.6	5.017 B	5.5025	8.594 B	0.6529	435.747 B
142.8	5.013 B	5.5097	8.594 B	0.6528	434.921 B
143.0	5.008 B	5.5168	8.593 B	0.6527	434.097 B
143.2	5.004 B	5.5237	8.592 B	0.6525	433.274 B
143.4	4.999 B	5.5304	8.591 B	0.6524	432.454 B
143.6	4.995 B	5.5370	8.590 B	0.6523	431.636 B
143.8	4.990 B	5.5434	8.588 B	0.6521	430.820 B
144.0	4.986 B	5.5497	8.587 B	0.6520	430.006 B
144.2	4.981 B	5.5557	8.586 B	0.6519	429.194 B
144.4	4.977 B	5.5616	8.584 B	0.6517	428.384 B
144.6	4.972 B	5.5673	8.583 B	0.6516	427.576 B
144.8	4.968 B	5.5729	8.581 B	0.6515	426.770 B
145.0	4.963 B	5.5782	8.579 B	0.6514	425.966 B
145.2	4.959 B	5.5834	8.577 B	0.6512	425.164 B
145.4	4.954 B	5.5884	8.575 B	0.6511	424.364 B
145.6	4.950 B	5.5933	8.573 B	0.6510	423.566 B
145.8	4.945 B	5.5979	8.571 B	0.6509	422.771 B
146.0	4.940 B	5.6024	8.569 B	0.6507	421.977 B
146.2	4.936 B	5.6067	8.567 B	0.6506	421.185 B
146.4	4.931 B	5.6108	8.564 B	0.6505	420.396 B
146.6	4.926 B	5.6147	8.562 B	0.6504	419.608 B
146.8	4.922 B	5.6185	8.559 B	0.6502	418.823 B
147.0	4.917 B	5.6221	8.557 B	0.6501	418.039 B
147.2	4.912 B	5.6254	8.554 B	0.6500	417.258 B
147.4	4.908 B	5.6286	8.551 B	0.6499	416.479 B
147.6	4.903 B	5.6316	8.548 B	0.6497	415.702 B
147.8	4.898 B	5.6345	8.546 B	0.6496	414.927 B
148.0	4.893 B	5.6371	8.542 B	0.6495	414.154 B
148.2	4.889 B	5.6396	8.539 B	0.6494	413.383 B
148.4	4.884 B	5.6418	8.536 B	0.6492	412.614 B
148.6	4.879 B	5.6439	8.533 B	0.6491	411.847 B
148.8	4.874 B	5.6458	8.530 B	0.6490	411.083 B
149.0	4.870 B	5.6475	8.526 B	0.6488	410.320 B
149.2	4.865 B	5.6490	8.523 B	0.6487	409.559 B
149.4	4.860 B	5.6503	8.519 B	0.6486	408.801 B
149.6	4.855 B	5.6514	8.515 B	0.6485	408.045 B
149.8	4.850 B	5.6524	8.511 B	0.6483	407.291 B
150.0	4.846 B	5.6531	8.508 B	0.6482	406.538 B
150.2	4.841 B	5.6537	8.504 B	0.6481	405.788 B
150.4	4.836 B	5.6540	8.500 B	0.6479	405.040 B
150.6	4.831 B	5.6542	8.496 B	0.6478	404.295 B
150.8	4.826 B	5.6542	8.491 B	0.6477	403.551 B
151.0	4.821 B	5.6540	8.487 B	0.6475	402.809 B
151.2	4.816 B	5.6536	8.483 B	0.6474	402.070 B
151.4	4.812 B	5.6530	8.479 B	0.6472	401.332 B
151.6	4.807 B	5.6522	8.474 B	0.6471	400.597 B
151.8	4.802 B	5.6512	8.469 B	0.6470	399.864 B
152.0	4.797 B	5.6501	8.465 B	0.6468	399.132 B
152.2	4.792 B	5.6487	8.460 B	0.6467	398.403 B
152.4	4.787 B	5.6472	8.455 B	0.6465	397.676 B
152.6	4.782 B	5.6454	8.451 B	0.6464	396.952 B
152.8	4.777 B	5.6435	8.446 B	0.6462	396.229 B
153.0	4.772 B	5.6413	8.441 B	0.6461	395.508 B
153.2	4.768 B	5.6390	8.436 B	0.6459	394.790 B
153.4	4.763 B	5.6365	8.430 B	0.6458	394.073 B
153.6	4.758 B	5.6338	8.425 B	0.6456	393.359 B
153.8	4.753 B	5.6309	8.420 B	0.6455	392.647 B
154.0	4.748 B	5.6278	8.414 B	0.6453	391.936 B
154.2	4.743 B	5.6246	8.409 B	0.6452	391.228 B
154.4	4.738 B	5.6211	8.404 B	0.6450	390.522 B
154.6	4.733 B	5.6174	8.398 B	0.6448	389.819 B
154.8	4.728 B	5.6136	8.392 B	0.6447	389.117 B
155.0	4.723 B	5.6096	8.387 B	0.6445	388.417 B
155.2	4.718 B	5.6053	8.381 B	0.6443	387.720 B
155.4	4.713 B	5.6009	8.375 B	0.6442	387.024 B
155.6	4.709 B	5.5963	8.369 B	0.6440	386.331 B
155.8	4.704 B	5.5916	8.363 B	0.6438	385.640 B
156.0	4.699 B	5.5866	8.357 B	0.6436	384.951 B
156.2	4.694 B	5.5815	8.351 B	0.6434	384.263 B
156.4	4.689 B	5.5761	8.345 B	0.6433	383.579 B
156.6	4.684 B	5.5706	8.338 B	0.6431	382.896 B
156.8	4.679 B	5.5649	8.332 B	0.6429	382.215 B
157.0	4.674 B	5.5590	8.325 B	0.6427	381.536 B
157.2	4.669 B	5.5530	8.319 B	0.6425	380.860 B
157.4	4.664 B	5.5467	8.312 B	0.6423	380.185 B
157.6	4.659 B	5.5403	8.306 B	0.6421	379.513 B
157.8	4.655 B	5.5337	8.299 B	0.6419	378.842 B
158.0	4.650 B	5.5269	8.292 B	0.6417	378.174 B
158.2	4.645 B	5.5199	8.286 B	0.6415	377.508 B
158.4	4.640 B	5.5128	8.279 B	0.6413	376.844 B
158.6	4.635 B	5.5055	8.272 B	0.6411	376.182 B
158.8	4.630 B	5.4980	8.265 B	0.6409	375.522 B
159.0	4.625 B	5.4904	8.258 B	0.6407	374.864 B
159.2	4.620 B	5.4825	8.251 B	0.6405	374.208 B
159.4	4.615 B	5.4745	8.243 B	0.6402	373.555 B
159.6	4.611 B	5.4664	8.236 B	0.6400	372.903 B
159.8	4.606 B	5.4580	8.229 B	0.6398	372.254 B
160.0	4.601 B	5.4495	8.222 B	0.6396	371.606 B
160.2	4.596 B	5.4409	8.214 B	0.6393	370.961 B
160.4	4.591 B	5.4320	8.207 B	0.6391	370.317 B
160.6	4.586 B	5.4230	8.199 B	0.6389	369.676 B
160.8	4.581 B	5.4139	8.191 B	0.6386	369.037 B
161.0	4.577 B	5.4046	8.184 B	0.6384	368.400 B
161.2	4.572 B	5.3951	8.176 B	0.6381	367.765 B
161.4	4.567 B	5.3855	8.168 B	0.6379	367.132 B
161.6	4.562 B	5.3757	8.160 B	0.6376	366.501 B
161.8	4.557 B	5.3657	8.153 B	0.6374	365.872 B
162.0	4.552 B	5.3556	8.145 B	0.6371	365.245 B
162.2	4.548 B	5.3454	8.137 B	0.6369	364.620 B
162.4	4.543 B	5.3350	8.128 B	0.6366	363.997 B
162.6	4.538 B	5.3244	8.120 B	0.6363	363.376 B
162.8	4.533 B	5.3137	8.112 B	0.6361	362.758 B
163.0	4.528 B	5.3029	8.104 B	0.6358	362.141 B
163.2	4.524 B	5.2919	8.096 B	0.6355	361.526 B
163.4	4.519 B	5.2807	8.087 B	0.6352	360.914 B
163.6	4.514 B	5.2695	8.079 B	0.6350	360.303 B
163.8	4.509 B	5.2581	8.070 B	0.6347	359.694 B
164.0	4.504 B	5.2465	8.062 B	0.6344	359.088 B
164.2	4.500 B	5.2348	8.053 B	0.6341	358.483 B
164.4	4.495 B	5.2230	8.045 B	0.6338	357.881 B
164.6	4.490 B	5.2110	8.036 B	0.6335	357.280 B
164.8	4.486 B	5.1990	8.027 B	0.6332	356.682 B
165.0	4.481 B	5.1867	8.019 B	0.6329	356.085 B
165.2	4.476 B	5.1744	8.010 B	0.6326	355.491 B
165.4	4.471 B	5.1619	8.001 B	0.6323	354.899 B
165.6	4.467 B	5.1494	7.992 B	0.6320	354.308 B
165.8	4.462 B	5.1366	7.983 B	0.6317	353.720 B
166.0	4.457 B	5.1238	7.974 B	0.6313	353.133 B
166.2	4.453 B	5.1109	7.965 B	0.6310	352.549 B
166.4	4.448 B	5.0978	7.956 B	0.6307	351.966 B
166.6	4.443 B	5.0846	7.947 B	0.6304	351.386 B
166.8	4.439 B	5.0713	7.937 B	0.6300	350.807 B
167.0	4.434 B	5.0579	7.928 B	0.6297	350.231 B
167.2	4.429 B	5.0444	7.919 B	0.6293	349.656 B
167.4	4.425 B	5.0308	7.909 B	0.6290	349.083 B
167.6	4.420 B	5.0171	7.900 B	0.6287	348.513 B
167.8	4.415 B	5.0032	7.891 B	0.6283	347.944 B
168.0	4.411 B	4.9893	7.881 B	0.6280	347.377 B
168.2	4.406 B	4.9753	7.872 B	0.6276	346.813 B
168.4	4.401 B	4.9611	7.862 B	0.6272	346.250 B
168.6	4.397 B	4.9469	7.852 B	0.6269	345.689 B
168.8	4.392 B	4.9326	7.843 B	0.6265	345.130 B
169.0	4.388 B	4.9182	7.833 B	0.6261	344.573 B
169.2	4.383 B	4.9037	7.823 B	0.6258	344.018 B
169.4	4.378 B	4.8891	7.813 B	0.6254	343.465 B
169.6	4.374 B	4.8745	7.804 B	0.6250	342.914 B
169.8	4.369 B	4.8597	7.794 B	0.6246	342.365 B
170.0	4.365 B	4.8449	7.784 B	0.6242	341.817 B
170.2	4.360 B	4.8300	7.774 B	0.6239	341.272 B
170.4	4.356 B	4.8150	7.764 B	0.6235	340.729 B
170.6	4.351 B	4.7999	7.754 B	0.6231	340.187 B
170.8	4.347 B	4.7848	7.744 B	0.6227	339.647 B
171.0	4.342 B	4.7696	7.734 B	0.6223	339.110 B
171.2	4.338 B	4.7543	7.723 B	0.6219	338.574 B
171.4	4.333 B	4.7390	7.713 B	0.6215	338.040 B
171.6	4.329 B	4.7236	7.703 B	0.6210	337.508 B
171.8	4.324 B	4.7081	7.693 B	0.6206	336.978 B
172.0	4.320 B	4.6926	7.682 B	0.6202	336.450 B
172.2	4.315 B	4.6770	7.672 B	0.6198	335.923 B
172.4	4.311 B	4.6613	7.662 B	0.6194	335.399 B
172.6	4.306 B	4.6456	7.651 B	0.6189	334.876 B
172.8	4.302 B	4.6299	7.641 B	0.6185	334.355 B
173.0	4.297 B	4.6141	7.630 B	0.6181	333.836 B
173.2	4.293 B	4.5982	7.620 B	0.6176	333.319 B
173.4	4.288 B	4.5823	7.609 B	0.6172	332.804 B
173.6	4.284 B	4.5663	7.598 B	0.6168	332.291 B
173.8	4.280 B	4.5503	7.588 B	0.6163	331.779 B
174.0	4.275 B	4.5343	7.577 B	0.6159	331.270 B
174.2	4.271 B	4.5182	7.566 B	0.6154	330.762 B
174.4	4.266 B	4.5021	7.556 B	0.6150	330.256 B
174.6	4.262 B	4.4860	7.545 B	0.6145	329.752 B
174.8	4.258 B	4.4698	7.534 B	0.6140	329.250 B
175.0	4.253 B	4.4536	7.523 B	0.6136	328.749 B
175.2	4.249 B	4.4373	7.512 B	0.6131	328.251 B
175.4	4.245 B	4.4210	7.501 B	0.6126	327.754 B
175.6	4.240 B	4.4047	7.490 B	0.6122	327.259 B
175.8	4.236 B	4.3884	7.480 B	0.6117	326.766 B
176.0	4.231 B	4.3720	7.469 B	0.6112	326.274 B
176.2	4.227 B	4.3557	7.457 B	0.6107	325.785 B
176.4	4.223 B	4.3393	7.446 B	0.6103	325.297 B
176.6	4.218 B	4.3229	7.435 B	0.6098	324.811 B
176.8	4.214 B	4.3064	7.424 B	0.6093	324.327 B
177.0	4.210 B	4.2900	7.413 B	0.6088	323.844 B
177.2	4.206 B	4.2735	7.402 B	0.6083	323.364 B
177.4	4.201 B	4.2571	7.391 B	0.6078	322.885 B
177.6	4.197 B	4.2406	7.379 B	0.6073	322.407 B
177.8	4.193 B	4.2241	7.368 B	0.6068	321.932 B
178.0	4.188 B	4.2076	7.357 B	0.6063	321.458 B
178.2	4.184 B	4.1911	7.346 B	0.6058	320.987 B
178.4	4.180 B	4.1746	7.334 B	0.6053	320.516 B
178.6	4.176 B	4.1581	7.323 B	0.6048	320.048 B
178.8	4.171 B	4.1416	7.312 B	0.6043	319.581 B
179.0	4.167 B	4.1251	7.300 B	0.6037	319.117 B
179.2	4.163 B	4.1086	7.289 B	0.6032	318.653 B
179.4	4.159 B	4.0921	7.277 B	0.6027	318.192 B
179.6	4.154 B	4.0756	7.266 B	0.6022	317.732 B
179.8	4.150 B	4.0591	7.254 B	0.6017	317.274 B
180.0	4.146 B	4.0426	7.243 B	0.6011	316.818 B
180.2	4.142 B	4.0261	7.231 B	0.6006	316.363 B
180.4	4.137 B	4.0097	7.220 B	0.6001	315.910 B
180.6	4.133 B	3.9932	7.208 B	0.5995	315.459 B
180.8	4.129 B	3.9768	7.196 B	0.5990	315.010 B
181.0	4.125 B	3.9604	7.185 B	0.5985	314.562 B
181.2	4.121 B	3.9440	7.173 B	0.5979	314.116 B
181.4	4.116 B	3.9276	7.161 B	0.5974	313.671 B
181.6	4.112 B	3.9112	7.150 B	0.5968	313.229 B
181.8	4.108 B	3.8949	7.138 B	0.5963	312.787 B
182.0	4.104 B	3.8785	7.126 B	0.5957	312.348 B
182.2	4.100 B	3.8622	7.114 B	0.5952	311.910 B
182.4	4.095 B	3.8459	7.103 B	0.5946	311.474 B
182.6	4.091 B	3.8297	7.091 B	0.5941	311.040 B
182.8	4.087 B	3.8134	7.079 B	0.5935	310.607 B
183.0	4.083 B	3.7972	7.067 B	0.5930	310.175 B
183.2	4.079 B	3.7810	7.055 B	0.5924	309.746 B
183.4	4.075 B	3.7649	7.043 B	0.5919	309.318 B
183.6	4.071 B	3.7488	7.031 B	0.5913	308.892 B
183.8	4.066 B	3.7327	7.019 B	0.5907	308.467 B
184.0	4.062 B	3.7166	7.008 B	0.5902	308.044 B
184.2	4.058 B	3.7006	6.996 B	0.5896	307.622 B
184.4	4.054 B	3.6846	6.984 B	0.5890	307.203 B
184.6	4.050 B	3.6686	6.972 B	0.5885	306.784 B
184.8	4.046 B	3.6527	6.960 B	0.5879	306.368 B
185.0	4.042 B	3.6368	6.948 B	0.5873	305.953 B
185.2	4.037 B	3.6209	6.936 B	0.5868	305.539 B
185.4	4.033 B	3.6051	6.924 B	0.5862	305.127 B
185.6	4.029 B	3.5893	6.911 B	0.5856	304.717 B
185.8	4.025 B	3.5736	6.899 B	0.5850	304.308 B
186.0	4.021 B	3.5579	6.887 B	0.5844	303.901 B
186.2	4.017 B	3.5422	6.875 B	0.5839	303.495 B
186.4	4.013 B	3.5266	6.863 B	0.5833	303.091 B
186.6	4.009 B	3.5110	6.851 B	0.5827	302.689 B
186.8	4.005 B	3.4955	6.839 B	0.5821	302.288 B
187.0	4.001 B	3.4800	6.827 B	0.5815	301.888 B
187.2	3.996 B	3.4645	6.814 B	0.5810	301.490 B
187.4	3.992 B	3.4491	6.802 B	0.5804	301.094 B
187.6	3.988 B	3.4338	6.790 B	0.5798	300.699 B
187.8	3.984 B	3.4185	6.778 B	0.5793	300.306 B
188.0	3.980 B	3.4032	6.766 B	0.5787	299.914 B
188.2	3.976 B	3.3880	6.753 B	0.5782	299.524 B
188.4	3.971 B	3.3728	6.741 B	0.5776	299.135 B
188.6	3.967 B	3.3577	6.729 B	0.5771	298.748 B
188.8	3.963 B	3.3427	6.717 B	0.5765	298.362 B
189.0	3.959 B	3.3277	6.704 B	0.5760	297.978 B
189.2	3.954 B	3.3128	6.692 B	0.5755	297.595 B
189.4	3.950 B	3.2979	6.680 B	0.5750	297.214 B
189.6	3.946 B	3.2831	6.668 B	0.5744	296.834 B
189.8	3.941 B	3.2684	6.655 B	0.5739	296.456 B
190.0	3.937 B	3.2537	6.643 B	0.5734	296.079 B
190.2	3.933 B	3.2390	6.631 B	0.5729	295.703 B
190.4	3.928 B	3.2244	6.618 B	0.5724	295.329 B
190.6	3.924 B	3.2099	6.606 B	0.5719	294.957 B
190.8	3.919 B	3.1955	6.594 B	0.5714	294.586 B
191.0	3.915 B	3.1811	6.581 B	0.5709	294.216 B
191.2	3.911 B	3.1667	6.569 B	0.5704	293.848 B
191.4	3.906 B	3.1525	6.556 B	0.5699	293.481 B
191.6	3.902 B	3.1383	6.544 B	0.5694	293.116 B
191.8	3.897 B	3.1241	6.532 B	0.5689	292.752 B
192.0	3.893 B	3.1100	6.519 B	0.5684	292.390 B
192.2	3.888 B	3.0960	6.507 B	0.5680	292.029 B
192.4	3.884 B	3.0820	6.494 B	0.5675	291.669 B
192.6	3.879 B	3.0681	6.482 B	0.5670	291.311 B
192.8	3.875 B	3.0542	6.470 B	0.5665	290.954 B
193.0	3.870 B	3.0405	6.457 B	0.5661	290.599 B
193.2	3.866 B	3.0267	6.445 B	0.5656	290.245 B
193.4	3.861 B	3.0131	6.432 B	0.5651	289.892 B
193.6	3.857 B	2.9994	6.420 B	0.5646	289.541 B
193.8	3.852 B	2.9859	6.408 B	0.5642	289.191 B
194.0	3.848 B	2.9724	6.395 B	0.5637	288.842 B
194.2	3.843 B	2.9590	6.383 B	0.5633	288.495 B
194.4	3.839 B	2.9456	6.370 B	0.5628	288.149 B
194.6	3.834 B	2.9323	6.358 B	0.5623	287.805 B
194.8	3.830 B	2.9191	6.345 B	0.5619	287.462 B
195.0	3.825 B	2.9059	6.333 B	0.5614	287.120 B
195.2	3.820 B	2.8927	6.320 B	0.5610	286.780 B
195.4	3.816 B	2.8797	6.308 B	0.5605	286.441 B
195.6	3.811 B	2.8666	6.295 B	0.5601	286.103 B
195.8	3.807 B	2.8537	6.283 B	0.5596	285.766 B
196.0	3.802 B	2.8408	6.270 B	0.5592	285.431 B
196.2	3.798 B	2.8280	6.258 B	0.5587	285.097 B
196.4	3.793 B	2.8152	6.246 B	0.5583	284.765 B
196.6	3.788 B	2.8024	6.233 B	0.5578	284.434 B
196.8	3.784 B	2.7898	6.221 B	0.5574	284.104 B
197.0	3.779 B	2.7772	6.208 B	0.5569	283.775 B
197.2	3.775 B	2.7646	6.196 B	0.5565	283.448 B
197.4	3.770 B	2.7521	6.183 B	0.5561	283.122 B
197.6	3.765 B	2.7397	6.171 B	0.5556	282.797 B
197.8	3.761 B	2.7273	6.158 B	0.5552	282.474 B
198.0	3.756 B	2.7150	6.146 B	0.5547	282.152 B
198.2	3.751 B	2.7027	6.133 B	0.5543	281.831 B
198.4	3.747 B	2.6905	6.121 B	0.5539	281.511 B
198.6	3.742 B	2.6783	6.108 B	0.5534	281.193 B
198.8	3.738 B	2.6662	6.096 B	0.5530	280.876 B
199.0	3.733 B	2.6542	6.083 B	0.5526	280.560 B
199.2	3.728 B	2.6422	6.071 B	0.5521	280.245 B
199.4	3.724 B	2.6302	6.058 B	0.5517	279.932 B
199.6	3.719 B	2.6184	6.046 B	0.5513	279.620 B
199.8	3.714 B	2.6065	6.034 B	0.5508	279.309 B
200.0	3.710 B	2.5948	6.021 B	0.5504	278.999 B
